{"meta": {"format": 3, "version": "7.8.0", "timestamp": "2026-03-29T00:26:05.934884", "branch_coverage": true, "show_contexts": false}, "files": {"src/secondbrain/utils/tracing.py": {"executed_lines": [1, 25, 27, 28, 29, 30, 31, 32, 34, 37, 38, 39, 40, 43, 48, 54, 55, 58, 66, 67, 68, 71, 94, 95, 96, 98, 99, 100, 102, 104, 105, 106, 111, 120, 123, 126, 127, 130, 132, 140, 153, 154, 156, 157, 159, 160, 162, 165, 166, 181, 182, 183, 185, 186, 187, 190, 225, 226, 228, 230, 232, 234, 237, 247, 248, 250, 251, 253, 255, 257, 258, 264, 265, 268, 269, 271, 272, 274, 275, 277, 279, 281, 283, 285, 287, 289, 291], "summary": {"covered_lines": 84, "num_statements": 105, "percent_covered": 78.19548872180451, "percent_covered_display": "78", "missing_lines": 21, "excluded_lines": 0, "num_branches": 28, "num_partial_branches": 4, "covered_branches": 20, "missing_branches": 8}, "missing_lines": [49, 50, 51, 136, 137, 209, 210, 211, 212, 213, 215, 216, 217, 218, 220, 222, 252, 259, 260, 261, 262], "excluded_lines": [], "executed_branches": [[66, 67], [66, 68], [94, 95], [94, 98], [98, 99], [98, 102], [126, 127], [153, 154], [153, 156], [156, 157], [156, 159], [159, 160], [159, 162], [181, 182], [181, 185], [247, 248], [247, 250], [250, 251], [251, 253], [258, 264]], "missing_branches": [[126, 132], [212, 213], [212, 215], [216, 217], [216, 218], [250, 264], [251, 252], [258, 259]], "functions": {"is_tracing_enabled": {"executed_lines": [66, 67, 68], "summary": {"covered_lines": 3, "num_statements": 3, "percent_covered": 100.0, "percent_covered_display": "100", "missing_lines": 0, "excluded_lines": 0, "num_branches": 2, "num_partial_branches": 0, "covered_branches": 2, "missing_branches": 0}, "missing_lines": [], "excluded_lines": [], "executed_branches": [[66, 67], [66, 68]], "missing_branches": []}, "setup_tracing": {"executed_lines": [94, 95, 96, 98, 99, 100, 102, 104, 105, 106, 111, 120, 123, 126, 127, 130, 132], "summary": {"covered_lines": 17, "num_statements": 19, "percent_covered": 88.0, "percent_covered_display": "88", "missing_lines": 2, "excluded_lines": 0, "num_branches": 6, "num_partial_branches": 1, "covered_branches": 5, "missing_branches": 1}, "missing_lines": [136, 137], "excluded_lines": [], "executed_branches": [[94, 95], [94, 98], [98, 99], [98, 102], [126, 127]], "missing_branches": [[126, 132]]}, "get_tracer": {"executed_lines": [153, 154, 156, 157, 159, 160, 162], "summary": {"covered_lines": 7, "num_statements": 7, "percent_covered": 100.0, "percent_covered_display": "100", "missing_lines": 0, "excluded_lines": 0, "num_branches": 6, "num_partial_branches": 0, "covered_branches": 6, "missing_branches": 0}, "missing_lines": [], "excluded_lines": [], "executed_branches": [[153, 154], [153, 156], [156, 157], [156, 159], [159, 160], [159, 162]], "missing_branches": []}, "trace_operation": {"executed_lines": [181, 182, 183, 185, 186, 187], "summary": {"covered_lines": 6, "num_statements": 6, "percent_covered": 100.0, "percent_covered_display": "100", "missing_lines": 0, "excluded_lines": 0, "num_branches": 2, "num_partial_branches": 0, "covered_branches": 2, "missing_branches": 0}, "missing_lines": [], "excluded_lines": [], "executed_branches": [[181, 182], [181, 185]], "missing_branches": []}, "trace_decorator": {"executed_lines": [], "summary": {"covered_lines": 0, "num_statements": 3, "percent_covered": 0.0, "percent_covered_display": "0", "missing_lines": 3, "excluded_lines": 0, "num_branches": 0, "num_partial_branches": 0, "covered_branches": 0, "missing_branches": 0}, "missing_lines": [209, 210, 222], "excluded_lines": [], "executed_branches": [], "missing_branches": []}, "trace_decorator.decorator": {"executed_lines": [], "summary": {"covered_lines": 0, "num_statements": 2, "percent_covered": 0.0, "percent_covered_display": "0", "missing_lines": 2, "excluded_lines": 0, "num_branches": 0, "num_partial_branches": 0, "covered_branches": 0, "missing_branches": 0}, "missing_lines": [211, 220], "excluded_lines": [], "executed_branches": [], "missing_branches": []}, "trace_decorator.decorator.wrapper": {"executed_lines": [], "summary": {"covered_lines": 0, "num_statements": 6, "percent_covered": 0.0, "percent_covered_display": "0", "missing_lines": 6, "excluded_lines": 0, "num_branches": 4, "num_partial_branches": 0, "covered_branches": 0, "missing_branches": 4}, "missing_lines": [212, 213, 215, 216, 217, 218], "excluded_lines": [], "executed_branches": [], "missing_branches": [[212, 213], [212, 215], [216, 217], [216, 218]]}, "_NoOpTracer.start_as_current_span": {"executed_lines": [230], "summary": {"covered_lines": 1, "num_statements": 1, "percent_covered": 100.0, "percent_covered_display": "100", "missing_lines": 0, "excluded_lines": 0, "num_branches": 0, "num_partial_branches": 0, "covered_branches": 0, "missing_branches": 0}, "missing_lines": [], "excluded_lines": [], "executed_branches": [], "missing_branches": []}, "_NoOpTracer.__getattr__": {"executed_lines": [234], "summary": {"covered_lines": 1, "num_statements": 1, "percent_covered": 100.0, "percent_covered_display": "100", "missing_lines": 0, "excluded_lines": 0, "num_branches": 0, "num_partial_branches": 0, "covered_branches": 0, "missing_branches": 0}, "missing_lines": [], "excluded_lines": [], "executed_branches": [], "missing_branches": []}, "shutdown_tracing": {"executed_lines": [247, 248, 250, 251, 253, 255, 257, 258, 264, 265], "summary": {"covered_lines": 10, "num_statements": 15, "percent_covered": 65.21739130434783, "percent_covered_display": "65", "missing_lines": 5, "excluded_lines": 0, "num_branches": 8, "num_partial_branches": 3, "covered_branches": 5, "missing_branches": 3}, "missing_lines": [252, 259, 260, 261, 262], "excluded_lines": [], "executed_branches": [[247, 248], [247, 250], [250, 251], [251, 253], [258, 264]], "missing_branches": [[250, 264], [251, 252], [258, 259]]}, "_NoOpSpan.__enter__": {"executed_lines": [272], "summary": {"covered_lines": 1, "num_statements": 1, "percent_covered": 100.0, "percent_covered_display": "100", "missing_lines": 0, "excluded_lines": 0, "num_branches": 0, "num_partial_branches": 0, "covered_branches": 0, "missing_branches": 0}, "missing_lines": [], "excluded_lines": [], "executed_branches": [], "missing_branches": []}, "_NoOpSpan.__exit__": {"executed_lines": [275], "summary": {"covered_lines": 1, "num_statements": 1, "percent_covered": 100.0, "percent_covered_display": "100", "missing_lines": 0, "excluded_lines": 0, "num_branches": 0, "num_partial_branches": 0, "covered_branches": 0, "missing_branches": 0}, "missing_lines": [], "excluded_lines": [], "executed_branches": [], "missing_branches": []}, "_NoOpSpan.set_attribute": {"executed_lines": [279], "summary": {"covered_lines": 1, "num_statements": 1, "percent_covered": 100.0, "percent_covered_display": "100", "missing_lines": 0, "excluded_lines": 0, "num_branches": 0, "num_partial_branches": 0, "covered_branches": 0, "missing_branches": 0}, "missing_lines": [], "excluded_lines": [], "executed_branches": [], "missing_branches": []}, "_NoOpSpan.set_status": {"executed_lines": [283], "summary": {"covered_lines": 1, "num_statements": 1, "percent_covered": 100.0, "percent_covered_display": "100", "missing_lines": 0, "excluded_lines": 0, "num_branches": 0, "num_partial_branches": 0, "covered_branches": 0, "missing_branches": 0}, "missing_lines": [], "excluded_lines": [], "executed_branches": [], "missing_branches": []}, "_NoOpSpan.record_exception": {"executed_lines": [287], "summary": {"covered_lines": 1, "num_statements": 1, "percent_covered": 100.0, "percent_covered_display": "100", "missing_lines": 0, "excluded_lines": 0, "num_branches": 0, "num_partial_branches": 0, "covered_branches": 0, "missing_branches": 0}, "missing_lines": [], "excluded_lines": [], "executed_branches": [], "missing_branches": []}, "_NoOpSpan.add_event": {"executed_lines": [291], "summary": {"covered_lines": 1, "num_statements": 1, "percent_covered": 100.0, "percent_covered_display": "100",